{
  "$schema": "https://json.schemastore.org/nest-cli",
  "collection": "@nestjs/schematics",
  "sourceRoot": "apps/gateway/src",
  "compilerOptions": {
    "deleteOutDir": true,
    "webpack": true,
    "tsConfigPath": "apps/gateway/tsconfig.app.json",
    "assets": ["./email-templates/**/*"],
    "watchAssets": true
  },
  "monorepo": true,
  "root": "apps/gateway",
  "projects": {
    "gateway": {
      "type": "application",
      "root": "apps/gateway",
      "entryFile": "main",
      "sourceRoot": "apps/gateway/src",
      "compilerOptions": {
        "tsConfigPath": "apps/gateway/tsconfig.app.json"
      }
    },
    "users": {
      "type": "application",
      "root": "apps/users",
      "entryFile": "main",
      "sourceRoot": "apps/users/src",
      "compilerOptions": {
        "tsConfigPath": "apps/users/tsconfig.app.json",
        "assets": ["./email-templates/**/*"],
        "watchAssets": true
      }
    }
  }
}
